Series Name,Series Code,Country Name,Country Code,2001 [YR2001],2002 [YR2002],2003 [YR2003],2004 [YR2004],2005 [YR2005],2006 [YR2006],2007 [YR2007],2008 [YR2008],2009 [YR2009],2010 [YR2010],2011 [YR2011],2012 [YR2012],2013 [YR2013],2014 [YR2014],2015 [YR2015],2016 [YR2016],2017 [YR2017],2018 [YR2018],2019 [YR2019],2020 [YR2020]
Trade (% of GDP),NE.TRD.GNFS.ZS,Afghanistan,AFG,..,..,..,..,..,..,..,..,..,..,..,..,..,..,..,..,..,..,..,..
Trade (% of GDP),NE.TRD.GNFS.ZS,Albania,ALB,66.4910240323437,68.5250682234387,67.0205610427628,67.0471873068205,70.8723467754672,74.2670902393052,83.2020801053931,77.4517514962857,75.0949144008056,76.5433902447878,81.218568933066,76.5102006210933,75.8737138467897,75.4078455964825,71.801006339647,74.809862823171,78.1942739956599,76.8081181330347,76.2870595704158,60.9699209340559
Trade (% of GDP),NE.TRD.GNFS.ZS,Algeria,DZA,58.7061642307646,61.1341714474726,62.1247730289143,65.7014218464212,71.2786009597481,70.7300124352536,71.9381290438053,76.6845181652822,71.3243305469238,69.8666612628678,67.474301732347,65.4049791981269,63.6108236711147,62.4143160110881,59.6951285987184,55.9256678771781,55.3214030214594,58.065491770819,51.8417147056508,45.8419913184434
Trade (% of GDP),NE.TRD.GNFS.ZS,American Samoa,ASM,..,210.9375,207.442748091603,202.357563850688,223.2,229.817444219067,218.146718146718,249.821428571429,161.333333333333,157.940663176265,157.543859649123,176.40625,173.824451410658,174.805598755832,162.407132243685,159.165424739195,161.437908496732,171.830985915493,156.327160493827,151.904090267983
Trade (% of GDP),NE.TRD.GNFS.ZS,Andorra,AND,..,..,..,..,..,..,..,..,..,..,..,..,..,..,..,..,..,..,..,..
Trade (% of GDP),NE.TRD.GNFS.ZS,Angola,AGO,150.335794690093,105.301742600149,103.901226814948,103.579924362095,106.590962129525,94.6251593320477,108.060067893978,121.36470790564,122.446142344145,104.123629959119,99.9825078537909,91.8000986064676,86.8119307833605,79.3329275092697,62.8885207850511,53.3701552785467,52.256821448818,66.3781108165459,64.2885787245042,66.9074761537227
Trade (% of GDP),NE.TRD.GNFS.ZS,Antigua and Barbuda,ATG,172.437884606487,163.90534966323,171.675453126149,181.156297945854,175.749456915279,170.266405177737,165.314787907856,165.809271759493,151.087444858872,152.845890201161,152.375619380001,151.528152451032,156.211303767191,156.154794504309,139.786704053953,136.872934273148,133.870867961469,135.064152858016,139.410164737487,91.5251421713841
Trade (% of GDP),NE.TRD.GNFS.ZS,Argentina,ARG,21.8522554515453,41.7527243585642,40.6447480311085,40.692646108947,40.5512709706238,40.4334798719151,40.945170618571,40.4026733790382,34.0571269054879,34.9710132635696,35.2061549999644,30.5265423717108,29.3339290021037,28.4067936452275,22.4862260889792,26.0938878488799,25.2896011376779,30.7625359549926,32.2144471852471,30.148141556266
Trade (% of GDP),NE.TRD.GNFS.ZS,Armenia,ARM,69.8642663925336,73.9845018432309,80.0513676022426,73.0706339919371,70.1397385835334,61.0301379818566,56.9750470853147,54.5423279613666,57.2742357441995,64.642975973633,69.4355736620453,75.9616759606704,77.5550481598824,75.778866962639,71.6820743427575,76.0779674593548,87.202376539837,92.473107021212,96.1141541288708,69.4909967689768
Trade (% of GDP),NE.TRD.GNFS.ZS,Aruba,ABW,139.045679371545,134.302158273381,133.969043670536,133.642516921534,146.500479386385,143.963133640553,142.960905789361,145.889295889296,140.062597809077,138.607151203552,151.599474145486,147.674674895305,161.891280319633,162.882083851024,145.8337622704,142.239676608958,143.804237885046,148.425802450609,..,..
Trade (% of GDP),NE.TRD.GNFS.ZS,Australia,AUS,44.2823672643105,41.4966535597204,40.2315235947216,37.0393620532896,39.1968755847193,41.607273776186,42.0597729301644,42.8850215132316,45.7755373400991,40.5563768269451,41.8574537801732,43.177441852402,41.2760811583035,42.4729114392829,41.6256213779265,40.8177619704852,41.9397560640113,43.3822260663091,45.8450397384068,44.039526146645
Trade (% of GDP),NE.TRD.GNFS.ZS,Austria,AUT,87.5366647639352,86.9481679996606,86.3873824162825,90.7923456929297,94.0338056833054,98.0883112053436,100.733254061926,102.073682731706,87.0622309742796,99.0197962369563,105.102788629725,105.152177427838,104.066414086373,103.503535251069,102.42731538918,100.982078278741,104.938844932748,107.88167678734,107.47822730482,99.9989428466519
Trade (% of GDP),NE.TRD.GNFS.ZS,Azerbaijan,AZE,78.8151854917601,92.8181443298969,107.551948506262,121.507115894117,115.841884607706,105.262399846369,96.6418081486575,89.2428968637573,74.7440416836369,74.9859884610856,80.5080450059522,78.263069540422,74.6758447629851,69.4832251953347,72.6015079073189,90.0773187345677,90.4023156823216,91.6725765369825,85.8181454084561,72.1629330601583
Trade (% of GDP),NE.TRD.GNFS.ZS,"Bahamas, The",BHS,72.5008806383396,70.2779817050926,71.063540505226,76.0019833710461,81.3962709176308,87.5507143032777,88.0128155625079,87.4292228766863,76.5210439633098,78.6756024311196,88.3336891598687,84.2507345739471,87.3039467916833,83.8946773281641,73.2763695692396,70.1073995630639,71.9831387493224,75.5760332767297,71.3431679377716,49.9096643956599
Trade (% of GDP),NE.TRD.GNFS.ZS,Bahrain,BHR,127.026266277537,131.133634216392,128.091582155216,140.737310039923,148.313525108923,147.104181068989,137.785050572304,145.882511145821,117.963725409489,120.472394522656,174.155268022181,185.884650580276,191.872554115951,175.567836938356,154.931374967452,139.620555512011,143.086667256454,150.812440416932,141.703541573634,..
Trade (% of GDP),NE.TRD.GNFS.ZS,Bangladesh,BGD,32.0980170730117,28.9673807211649,27.657884900158,26.8582341492431,34.396934864465,38.1119244325921,39.9423826531735,42.6209140325589,40.092796223023,37.8028426708321,47.4208498356898,48.1109227476789,46.2964027239758,44.5140801968096,42.0859963070382,37.9542963529911,35.3040000906967,38.2448929879071,36.7592997489934,30.5194652536508
Trade (% of GDP),NE.TRD.GNFS.ZS,Barbados,BRB,86.3627434932067,83.4717527764365,90.0919146284468,92.0467411815938,97.616180128289,102.445409602845,99.3183985879332,102.31187460815,89.384604187661,95.9088587196468,93.4739055287171,89.7597885032538,87.8842206542656,85.3479963802832,84.5313987274655,85.2671231884058,82.9143009240659,80.992899832891,83.6916711460933,..
Trade (% of GDP),NE.TRD.GNFS.ZS,Belarus,BLR,137.044930473063,131.002058282291,134.141852273225,142.136510387704,118.88435169233,124.295103889386,128.153877979073,129.599478545475,108.63564482836,115.917972989303,157.974255073313,153.085269313372,119.815965235724,110.651424367582,115.914826201946,125.209322899662,133.367754723012,139.393736250171,130.850406102184,120.682353101234
Trade (% of GDP),NE.TRD.GNFS.ZS,Belgium,BEL,139.576839834619,136.085149488081,132.715552833888,136.918405348432,144.529050669983,149.567509299511,152.468446875303,161.088447790447,135.406040531897,149.997673074386,161.493723664633,160.746030229324,157.850845041743,158.783215919076,154.192546509323,157.66502598438,165.32583634966,166.313174766656,163.719854015606,158.621396830636
Trade (% of GDP),NE.TRD.GNFS.ZS,Belize,BLZ,120.446497487358,119.635765513748,119.945111489142,109.744174978072,118.594102714498,123.479259832129,124.132138296374,133.713088869322,109.455766069241,117.702403706829,126.947888951266,128.25657946145,131.952880925385,127.241269596866,125.229297112748,113.30752351374,112.072902364282,113.010631596286,110.022797028931,85.6289794691649
Trade (% of GDP),NE.TRD.GNFS.ZS,Benin,BEN,48.2571706392197,43.7684225364311,41.6162305574334,39.9029743365096,39.0959311879142,39.7746987128551,49.1137841529705,47.7753592695169,44.7026290629806,51.4308599492924,47.2170288118403,50.7367367791134,59.2001918331875,65.2682749404551,56.7563131849476,58.9869283378276,61.4765969588474,61.7951944901323,63.68133231423,44.8332333768726
Trade (% of GDP),NE.TRD.GNFS.ZS,Bermuda,BMU,..,..,..,..,..,..,..,..,..,74.595080341836,76.2704368073774,73.7823030616219,76.2701066974999,76.5167474588353,73.2954985174785,72.7499093828891,72.3924284503794,77.121210841865,75.8610539418633,72.0724275505283
Trade (% of GDP),NE.TRD.GNFS.ZS,Bhutan,BTN,76.4274859327885,75.4770985277337,78.6308037285846,95.944310220905,105.524232171015,116.549782379648,114.933803232835,109.403262505268,109.569557994505,115.924496111725,114.400833381894,104.186841823183,105.199306422113,96.3256143683133,97.88095484199,83.4088850323327,81.2067393683411,84.1870116266903,82.1286054818432,76.2407041134116
Trade (% of GDP),NE.TRD.GNFS.ZS,Bolivia,BOL,45.2278213515973,49.350260466538,51.9678351389575,57.4642663162886,67.6419424916322,74.5378491112511,76.0619116458958,82.8670211992063,68.6270745184224,75.511626518795,82.4803951797343,84.9487614326701,81.2309074463408,85.2644693114634,67.9328449724475,56.4010349614731,56.7046527648693,57.1099643246793,56.397306667218,45.671442068632
Trade (% of GDP),NE.TRD.GNFS.ZS,Bosnia and Herzegovina,BIH,86.0357325097937,78.7274794065835,80.5694572508704,81.8126839831186,84.3554627604899,79.8299477323402,83.5518586058611,86.1628796529545,73.7474943945401,80.9682160469805,87.8363477794549,88.1451090130116,87.931241526415,90.552280886564,89.3416617416796,89.30824991315,97.9595674308684,99.7748645936587,95.6711502066232,83.003649282439
Trade (% of GDP),NE.TRD.GNFS.ZS,Botswana,BWA,87.5250655680957,91.8357740585774,85.8340425151264,90.9978228872631,88.5053520573505,86.3345889171215,95.1046388023392,96.715910335632,86.6860199052182,94.8997953386803,103.545577877685,110.654895009555,122.553582064643,118.088526862789,112.501672250529,100.464668753216,82.0092687424725,88.0634318560814,83.7546307605765,77.1394660404608
Trade (% of GDP),NE.TRD.GNFS.ZS,Brazil,BRA,26.9362850214308,27.6183575306239,28.1403847867879,29.6782527398239,27.0867950578774,26.0416998192019,25.2926114762548,27.257569361408,22.1059755205507,22.7721781120049,23.9344051776102,25.1142736086534,25.7859573236572,24.68540581659,26.9536259376792,24.5336820788448,24.3197343731565,28.876203377402,28.4559373152372,32.3542958798965
Trade (% of GDP),NE.TRD.GNFS.ZS,British Virgin Islands,VGB,..,..,..,..,..,..,..,..,..,..,..,..,..,..,..,..,..,..,..,..
Trade (% of GDP),NE.TRD.GNFS.ZS,Brunei Darussalam,BRN,108.718870678156,108.747969082215,105.258467568502,100.589570685232,97.4576166216243,96.9411493596989,95.7504672644039,105.913844072184,108.572636487672,95.3689459604066,99.5365403596103,105.641023977752,110.936878837404,102.420968814048,89.893790077624,87.3182670815342,85.1767490461377,93.896319873231,108.509658357959,110.291003654944
Trade (% of GDP),NE.TRD.GNFS.ZS,Bulgaria,BGR,79.0813687477668,75.2696110143524,79.0138810581269,93.0638911878994,99.7142133335392,111.04746275381,123.609646159658,124.785885742919,92.6926468702512,103.411584202859,117.456289316293,123.993561447479,129.732659126464,130.28729035681,126.700942430032,122.833824180651,129.676597014807,128.851881427473,124.640430112714,109.177527503356
Trade (% of GDP),NE.TRD.GNFS.ZS,Burkina Faso,BFA,31.6581708148511,31.3125228527966,30.3682364077323,35.4809436017462,34.1721697681049,35.1065423554549,33.7797172895073,35.3853169801502,40.2959836735924,49.0732385398039,57.4972531038508,61.2386079818398,64.0358513024234,58.8235624937426,59.0891813101662,57.8931727994406,59.2687802020168,60.5956256236488,58.6641672388108,..
Trade (% of GDP),NE.TRD.GNFS.ZS,Burundi,BDI,20.9640456147222,21.6738294069666,27.3763120796107,31.5761181816532,35.1,42.4,38.7999987731993,47.1999995814015,35.8000035591914,39.5000053977394,43.0000028373483,43.6999890071038,46.6000131147541,41.7576921762705,32.5419541361693,31.7442237764751,34.3962372025288,39.2100430604203,41.857360239639,32.9012774740091
Trade (% of GDP),NE.TRD.GNFS.ZS,Cabo Verde,CPV,92.1637224974152,101.089702293616,98.7683808076547,101.567169989502,104.343839857053,117.816697232822,102.224241904925,99.984369520233,88.0372351878299,94.438345997315,99.8491499689029,100.277141835777,95.3390887796444,101.046439747406,104.066088981317,104.1918617279,113.303166506465,116.951067174899,115.907155590446,84.6927365649626
Trade (% of GDP),NE.TRD.GNFS.ZS,Cambodia,KHM,114.141051677443,119.692936082198,123.080812205448,134.511417364277,136.831930064782,144.614453506074,138.26814686973,133.320259380131,105.138475373852,113.603718236027,113.581843528741,120.597437504514,130.046486672574,129.61223231027,127.86406699658,126.950028975988,124.787773548276,124.898612832521,123.55652376833,123.81040282982
Trade (% of GDP),NE.TRD.GNFS.ZS,Cameroon,CMR,51.5722691890366,48.4817227279603,40.2431925894529,41.8377424272557,44.9976813491601,47.1044341825127,53.2156908586592,56.9244171571945,42.1761073591554,47.2385853955539,51.5219876046319,50.0360127264729,49.6745363465116,50.832389307633,45.5401468277001,40.6386315268268,39.1990216052629,40.587602877028,43.3785132480415,33.261171219004
Trade (% of GDP),NE.TRD.GNFS.ZS,Canada,CAN,78.3442183943698,75.7070320779233,69.8400946170607,70.1924199909562,69.7591330167357,68.0521644769988,66.2834197482347,67.0236083618983,58.4743918224897,60.2081215044483,62.4987387708328,62.5955489395005,62.2310749013405,64.3786621564923,66.1649020669781,65.3636845215556,65.1010608504649,66.447716838606,65.4123620794239,60.7825304382345
Trade (% of GDP),NE.TRD.GNFS.ZS,Cayman Islands,CYM,..,..,..,..,..,..,..,..,..,..,..,..,..,..,..,..,117.436583687346,117.28151729728,114.961221537833,106.678828200451
Trade (% of GDP),NE.TRD.GNFS.ZS,Central African Republic,CAF,39.7304997372329,36.1085647794782,36.2312260023474,33.2439549188203,35.0709368656226,36.3958702287378,37.5808990187896,34.4375218095517,31.4942464896799,34.4304819543042,34.4756183327299,33.0594485943314,38.3992875721315,53.0950920179825,53.1451477769621,50.53064402191,57.1435457117119,65.8636468647533,52.2015999980344,52.2015999997316
Trade (% of GDP),NE.TRD.GNFS.ZS,Chad,TCD,64.3219080406854,126.350807849912,83.3789149599315,101.768590921564,85.8467450268875,95.9132286345796,84.7310238635539,80.2896664151306,77.1094643663715,80.3907092891162,80.6810748936415,80.5756196842099,72.6489157572057,76.6265231668971,66.5641643497065,63.2969251336898,73.5750081822223,74.2047537321657,74.5705255558558,68.0088477466543
Trade (% of GDP),NE.TRD.GNFS.ZS,Channel Islands,CHI,..,..,..,..,..,..,..,..,..,..,..,..,..,..,..,..,..,..,..,..
Trade (% of GDP),NE.TRD.GNFS.ZS,Chile,CHL,63.1431262130583,63.3937254937039,66.3162866213553,69.7336633531416,71.6167608729932,73.0986510801193,76.4074154997173,80.789773429257,66.3372029178825,69.0637159959492,72.2056659465244,68.271846399908,64.9734766055273,65.2725878378167,58.9722752971997,55.6880414942073,55.6540214023906,57.3216227591195,56.8744630049411,57.841836197074
Trade (% of GDP),NE.TRD.GNFS.ZS,China,CHN,38.5273592755252,42.7474036340511,51.8039880005265,59.5055242248184,62.2078928657802,64.4788839040175,62.1933634764775,57.6127153432419,45.1848703785767,50.7170776627003,50.7409045864209,48.2675223674033,46.7443755773553,44.9052159543496,39.4641693353018,36.894415016811,37.6324132404263,37.5657841021374,35.890096117627,34.5068878580241
Trade (% of GDP),NE.TRD.GNFS.ZS,Colombia,COL,33.9011117949445,32.9826392144234,36.51618351723,35.8634269337995,37.4226974949549,39.6413559606292,37.0988970982903,39.1676494164354,35.1561285074585,34.2646031687681,39.4704235545367,38.8351510186689,37.9866487978456,37.4874656411103,38.3607641184453,36.202652984202,35.2829149424588,36.5347527968973,37.5213336110276,33.6536472301397
Trade (% of GDP),NE.TRD.GNFS.ZS,Comoros,COM,35.7572288808942,35.7571190715765,35.7569591302191,35.7570631161898,35.7574093340398,35.7572745643301,33.1561792127495,36.2185263542809,37.8969223253542,39.5501369651607,40.0009955862344,40.8104189375399,39.2432952739814,39.2358231954392,37.8049520714563,37.1328797158337,40.164358921352,42.996153341343,42.3035532336296,33.4028756998501
Trade (% of GDP),NE.TRD.GNFS.ZS,"Congo, Dem. Rep.",COD,25.0419375138391,29.3168456429821,54.0313561776419,49.3364146254994,52.3146046950079,47.9632596230374,80.1420550528087,83.7722916477706,62.9468793647405,90.7476102952768,85.1981441945765,68.3517113979555,77.4659451458626,78.6901501261946,61.2543451633175,71.6476359605599,65.0831937677164,71.8107113992928,56.6201607168789,58.4913440176351
Trade (% of GDP),NE.TRD.GNFS.ZS,"Congo, Rep.",COG,130.732481081873,135.45607107226,156.861777335368,131.368198717322,119.552892262402,125.600762974491,148.586625395069,133.108486659608,135.552365681975,124.064754399607,124.591742710141,97.444435145443,93.0028633918123,104.23492622282,122.693624025157,130.777727343997,113.226317235392,120.035762323808,126.955610622023,110.066981435355
Trade (% of GDP),NE.TRD.GNFS.ZS,Costa Rica,CRI,80.8527587184458,80.413944336283,83.3277075342901,85.2564771957235,89.2226638929773,89.8145546141466,86.4565958436023,86.4015127110064,69.7593177246532,67.5120896837726,68.6391465073183,67.0485392950742,64.0664105879215,65.1912420532231,60.7535619395756,62.178478176606,65.0719537437267,66.9453420166008,66.1369265511869,61.3283455994047
Trade (% of GDP),NE.TRD.GNFS.ZS,Cote d'Ivoire,CIV,53.1141047165328,55.9019482288469,53.2600606798295,58.1182963036336,62.8209360396041,63.69037706211,61.430942349017,61.9406212971538,66.6729037476443,67.4729400812021,64.7159030635361,70.3010893213271,58.3526792542346,53.6804175620502,52.7157827893591,47.5156025529806,48.5407783205547,46.0674863772771,46.4009144551692,42.015334228992
Trade (% of GDP),NE.TRD.GNFS.ZS,Croatia,HRV,79.359168123064,81.1502928556016,81.5398527356933,81.6872646189575,81.5354185269313,83.6689839770411,83.5519966629432,82.4615750510762,70.397013461437,73.2802726706786,78.435249159432,79.7098027960427,81.7127947242977,85.9378921963142,91.3613632661389,92.8680532083771,97.8867117346036,99.8523620325136,101.803642493885,90.8077150135467
Trade (% of GDP),NE.TRD.GNFS.ZS,Cuba,CUB,29.3610963815873,24.7293133475239,26.5871335777077,31.3114153338743,39.3613744331974,37.1880142882062,37.9676096642032,44.917220748508,32.9139819587629,40.2919413008332,46.9604290476881,45.8662036340766,44.3238969253902,39.274201547312,31.6137399148428,27.2693444237715,26.2227545404797,27.0834582708646,22.8207061917469,15.6829868097474
Trade (% of GDP),NE.TRD.GNFS.ZS,Curacao,CUW,..,..,..,..,134.911459782692,144.555511068893,146.049122473292,166.739541731544,144.702341659916,143.932211823816,167.33120715431,175.63592594879,157.75882893022,157.570111562533,140.0391990649,131.428475115136,..,..,..,..
Trade (% of GDP),NE.TRD.GNFS.ZS,Cyprus,CYP,131.849090965307,123.641342533496,114.004668482326,113.903605268943,111.917072822542,109.806326467883,111.274951276524,112.925717017571,102.790860728549,109.101078651625,110.817045045575,112.537600734785,121.140161023913,131.115776842222,137.587203146686,139.382846945535,148.36275766646,148.847177002968,150.974315840271,154.582735995091
Trade (% of GDP),NE.TRD.GNFS.ZS,Czech Republic,CZE,99.0124561576286,91.334650324677,94.9735288575828,113.488959982229,121.297960403591,127.028381868435,129.77901730598,123.742499121909,112.797244532562,128.028911534811,137.862818884663,146.528856576028,146.42241704968,157.574982178056,155.175663480909,150.586267345414,150.532652492994,147.978497744315,141.799180291064,135.152282414244
Trade (% of GDP),NE.TRD.GNFS.ZS,Denmark,DNK,83.9685758745007,84.5569748062335,80.881707399814,82.2077652710513,89.3997408561776,97.3667362031348,100.067851177026,104.828229903848,89.7550392904332,94.0999768880069,101.245795489044,103.240970340292,103.050141083868,102.263916342342,104.048228406694,100.168828784783,102.979389908635,106.974996433357,110.606803907145,103.312248774973
Trade (% of GDP),NE.TRD.GNFS.ZS,Djibouti,DJI,..,..,..,..,..,..,..,..,..,..,..,..,347.996532800529,299.367892600236,264.102925748362,209.987263168618,304.328726225406,288.216697848041,296.138780003182,293.775119994328
Trade (% of GDP),NE.TRD.GNFS.ZS,Dominica,DMA,..,..,..,..,..,..,..,..,84.3263915183642,89.1332228330571,90.430745803056,84.0007925681494,87.7248401962242,117.539300563878,107.787724573456,101.782339859367,102.966741713927,107.766298060107,..,..
Trade (% of GDP),NE.TRD.GNFS.ZS,Dominican Republic,DOM,70.5105678080061,68.7232829028777,84.4495031861592,81.3514229381911,61.6535587358027,63.7664826351505,61.9472306770769,61.3920530912843,50.6122826050753,55.999936071454,58.9896658983352,58.3886738848346,56.6817561171068,55.4964232490441,52.1710777171955,51.5859712555968,50.2250854248266,52.0559663874181,51.0111449209557,44.2936565524675
Trade (% of GDP),NE.TRD.GNFS.ZS,Ecuador,ECU,50.7450571604332,49.3765496413265,47.2416306944026,50.6652403671973,56.0998297037723,59.7097831881018,62.5871384279303,68.0569473760308,52.1048490230741,60.3032387134123,64.4902388929988,61.7511124083851,59.6061560569664,57.7081689892069,45.243877148583,38.5213403358829,42.4217213910174,46.3621309486896,46.0768211909258,43.2860180060301
Trade (% of GDP),NE.TRD.GNFS.ZS,"Egypt, Arab Rep.",EGY,39.8104265402844,40.9870678279229,46.1796407185629,57.8199052132701,62.9526462395543,61.5185365063947,65.077873254565,71.6806253489671,56.5534446363462,47.9363500745898,45.2556341623514,40.7117692721084,40.373038056332,36.9201877934272,34.8459429600229,30.2465490514505,45.1268011527377,48.2782710596295,43.24045019823,33.7591801878736
Trade (% of GDP),NE.TRD.GNFS.ZS,El Salvador,SLV,65.8907385362251,65.9190907767708,68.23698247861,69.7822641767691,69.7158116750578,73.4555675070266,77.6210560347995,80.6659739399085,66.0711911744487,73.5372876725398,79.2766437025052,77.6485716222883,80.4511944908271,78.1044257477935,76.5602707370519,72.8190933731491,74.3046511916519,75.6336168879956,75.976831324038,69.4269832199075
Trade (% of GDP),NE.TRD.GNFS.ZS,Equatorial Guinea,GNQ,..,..,..,..,131.02447181321,118.532782368937,134.083789857569,128.688006601458,122.212077110801,144.668225001248,114.377346635354,116.675422472364,106.893284926066,104.379198671388,98.8780591680756,92.6007307237942,102.428258251803,103.645681107196,94.5057559529936,89.7752696171697
Trade (% of GDP),NE.TRD.GNFS.ZS,Eritrea,ERI,72.0627109589752,76.5901636574451,74.0078242901552,65.570906849032,61.1060310218073,45.2608460537354,34.5595595326375,30.5609500494496,27.9721416148149,37.4714654565691,47.3937901188684,..,..,..,..,..,..,..,..,..
Trade (% of GDP),NE.TRD.GNFS.ZS,Estonia,EST,126.456987901508,123.318214706657,122.776875234578,129.978208039533,135.938816584636,136.643220946677,133.987601252435,136.689051143382,116.764747673625,143.678224078619,167.391979831694,170.759926419412,166.452834530816,160.241474731979,150.937189701775,150.408696743733,147.563722396444,146.340557531205,143.937110855252,141.869362974655
Trade (% of GDP),NE.TRD.GNFS.ZS,Eswatini,SWZ,155.971914390272,175.79799329482,172.092031193313,150.17440958364,124.5380371006,106.924594734626,114.851328068943,112.988948867252,107.354251117346,106.667443431392,80.7612996259771,79.6668677230246,86.8012959287576,88.3410218820077,84.0897115628866,86.6516368151241,87.7983678968599,84.7688830050067,88.6150449854827,87.3237499484503
Trade (% of GDP),NE.TRD.GNFS.ZS,Ethiopia,ETH,..,..,..,..,..,..,..,..,..,..,48.232935411689,45.3979041835072,41.4717870807625,40.7410841498626,39.6561241449515,34.8990528009428,31.1036313022906,31.199374943469,28.8153010070423,24.0182328502476
Trade (% of GDP),NE.TRD.GNFS.ZS,Faroe Islands,FRO,100.587330004083,95.6994101360299,102.899787646945,87.3457644546389,95.1782577643948,93.2557134504411,100.286360573684,100.449168192118,89.3804582010756,91.6760534240592,104.486853519189,114.96848279686,110.512867435256,102.730659133239,101.603754094974,99.4451374952541,105.973891648775,105.04255760847,106.873216469629,..
Trade (% of GDP),NE.TRD.GNFS.ZS,Fiji,FJI,129.997341839447,126.052579068143,128.975969916537,125.121987598815,117.740079365079,118.048331674709,110.389514898623,127.272259847697,106.044651371767,121.229028811832,124.475262814593,125.287862152659,126.350317844857,110.812306063192,101.188669200752,97.1730429645359,96.9288315730184,103.436804382678,106.56382212751,70.7275334392197
Trade (% of GDP),NE.TRD.GNFS.ZS,Finland,FIN,70.2768481898388,69.2994625755964,68.0558026741527,70.960203580292,76.579207830612,81.9834930623435,82.8574024974341,86.184335829923,70.1233032732315,75.4644073922495,78.5795816119355,79.170500952561,77.0938865804298,74.1127227557674,71.3825484305887,70.8985003539937,75.053137193384,78.1901588226224,79.6074245784901,72.0753965563991
Trade (% of GDP),NE.TRD.GNFS.ZS,France,FRA,54.9593680925757,53.0720247583335,50.7978335232353,51.9250078784333,53.9807067764121,56.1034244496256,56.420756583014,57.3970828857949,50.462450850073,54.8677910818934,58.7905764224005,59.7020591687875,59.764055074913,60.4787965196196,61.7516939345861,61.1001423821095,62.9618472934066,64.437952596913,64.1414731902028,57.7674283282527
Trade (% of GDP),NE.TRD.GNFS.ZS,French Polynesia,PYF,..,..,..,..,..,..,..,..,..,..,..,..,..,..,..,..,..,..,53.9833242042481,..
Trade (% of GDP),NE.TRD.GNFS.ZS,Gabon,GAB,83.6386132424108,84.7590815376223,80.3026082056312,81.7675371418698,83.9495998399241,88.6494092562519,85.1324791636578,88.9988725945748,83.5045774235636,89.1576627248353,90.4983773331323,92.3428089420545,90.6350361478645,73.5203290162438,73.9497814588281,70.1333810645308,75.0687404456638,77.0365976973024,73.4280894486644,70.4373500013018
Trade (% of GDP),NE.TRD.GNFS.ZS,"Gambia, The",GMB,46.9292631865623,59.642950918834,68.8587930342232,49.9342995615683,50.0187233950976,50.374468581975,44.2938444656791,39.0890994561344,41.7773944257977,41.0125150279466,42.6397020468894,47.7006731141985,45.4619193623296,58.2579307752264,52.937505147568,46.0214036884486,53.3190552786319,63.1091120519767,53.2996908588175,44.8874036647909
Trade (% of GDP),NE.TRD.GNFS.ZS,Georgia,GEO,63.3299250824094,71.6291255364807,77.6333765369391,79.0407459055607,84.5295975354749,89.125374368197,88.3934140686603,86.2982243681487,78.1930390303569,82.8990541481835,87.5468528614097,91.9422785219247,95.6020858179071,96.7748361393137,98.7688227493738,96.8258176135729,104.040076935155,111.755539312188,118.599368307339,93.8757982545598
Trade (% of GDP),NE.TRD.GNFS.ZS,Germany,DEU,62.0628388890423,60.9348898149328,61.8493197140493,66.2261991054223,70.9187129366213,77.4497291495463,79.8744173951311,81.5248047312183,71.2287128996251,79.8686242395882,85.2061212670221,86.5140548790483,85.0788766962491,84.6200933924979,86.2462246132087,84.7696459674487,87.2372029530234,88.4344064183191,87.599666028474,81.1085474349381
Trade (% of GDP),NE.TRD.GNFS.ZS,Ghana,GHA,110.045854160811,97.4892431746551,97.2871457139532,99.6703343472122,98.1715141146279,65.9214438401551,65.3543222852532,69.5142256111434,71.5947385281523,75.3778157916824,86.2954538549695,93.1680351286831,60.7593219028775,63.8365615580462,76.5212712995805,67.8770001864299,70.548364565594,67.9585183453884,76.8248018271755,68.0432759050799
Trade (% of GDP),NE.TRD.GNFS.ZS,Gibraltar,GIB,..,..,..,..,..,..,..,..,..,..,..,..,..,..,..,..,..,..,..,..
Trade (% of GDP),NE.TRD.GNFS.ZS,Greece,GRC,56.1399686891397,50.3489962887975,48.1900537963457,49.8984414406951,50.9008643706162,52.8502388268866,57.5243740192966,59.3297155312655,47.7438466003341,51.1972857171986,56.8339647736227,62.0612847915005,62.8765015617254,66.5263275893829,65.2776924688798,64.0191979817137,71.5789505399414,80.1500265574834,81.9908355889491,71.5829206180086
Trade (% of GDP),NE.TRD.GNFS.ZS,Greenland,GRL,..,..,87.2971972810315,88.1524357295282,99.7079265489358,89.6938562419079,94.9670539629143,107.37322125158,85.7573657356888,110.472368234124,130.547942353994,100.978401084907,95.9116681587586,87.0885837878503,83.1013810084573,85.8376729204278,84.2072558673104,89.9661440700037,89.8792345825499,..
Trade (% of GDP),NE.TRD.GNFS.ZS,Grenada,GRD,..,..,..,..,..,..,..,..,..,..,..,..,..,..,..,..,..,..,..,..
Trade (% of GDP),NE.TRD.GNFS.ZS,Guam,GUM,..,68.8862698880377,64.023536004483,68.0020677177565,66.4372181343461,72.7701746106654,79.4632704116443,78.2739373121511,72.0173985086993,72.0347544958577,77.7889245585875,76.7521367521368,79.5332468975736,78.3600713012478,71.3398861872737,70.4117946110829,69.2665890570431,72.8877887788779,77.828409805154,64.0999315537303
Trade (% of GDP),NE.TRD.GNFS.ZS,Guatemala,GTM,70.6690331769476,67.1048115244645,67.0023391862425,70.2148723581872,67.1036996082037,67.9119237396616,69.0013643101763,65.1787305213103,58.0406869738673,63.1251925746222,65.0470510420457,61.9594193352042,56.6852207524472,55.0832792812572,49.8934533224826,46.3727375188895,46.0694204013621,47.0884306147534,45.5965223249487,41.8406244508005
Trade (% of GDP),NE.TRD.GNFS.ZS,Guinea,GIN,58.5969097489697,55.4482350732153,51.1421390172418,50.4422180841653,69.8967259161112,69.3863036215547,71.1210387506578,64.1842507208406,69.8153539678789,73.5465665596744,85.9546731151063,86.6743242388843,80.4264444384217,76.7719635294773,72.4427253802927,111.839462498737,101.251633768429,88.984111543709,72.2468939523304,90.2278938038435
Trade (% of GDP),NE.TRD.GNFS.ZS,Guinea-Bissau,GNB,48.0175827233051,41.1843995611341,43.2716188054624,44.8451120369809,41.3183809560734,40.4491981374428,54.1418242321587,52.642045005514,54.071875728414,50.1304010558482,56.62100801099,41.1729928433818,44.0803911767354,51.5930141877095,59.7815367521229,57.8122244103829,60.8470169188269,56.0181155026704,55.3725855838767,43.6358403713142
Trade (% of GDP),NE.TRD.GNFS.ZS,Guyana,GUY,199.577000730114,196.72507835983,189.162485631386,200.725286901642,194.350757310172,..,..,..,..,..,..,..,..,..,..,..,..,..,..,..
Trade (% of GDP),NE.TRD.GNFS.ZS,Haiti,HTI,27.8186083258216,27.5862191232357,39.0886661817121,34.4631824903584,34.2140221028656,37.6516673573779,33.2222351560564,35.9648687432959,33.0964998246108,44.7218704538198,42.4248929075952,40.2582414988129,40.3253267639451,42.3758844968051,42.0595234633336,45.0741577623259,45.7566417811864,47.2643458356698,49.1619970443397,37.4138917322082
Trade (% of GDP),NE.TRD.GNFS.ZS,Honduras,HND,115.943071737954,117.997454450299,122.248277175534,135.461758741854,136.489768018486,133.13183510432,135.070634917917,135.748955193053,96.9050060188904,109.441838241682,122.216902597337,121.188215808285,116.306049247436,112.97509728471,107.26440535424,99.8157169505924,101.813111079622,103.551162215452,98.0275897083463,85.7537453886887
Trade (% of GDP),NE.TRD.GNFS.ZS,"Hong Kong SAR, China",HKG,240.848977626932,255.996457369342,292.454655919737,326.841054589054,342.689209524653,359.208661184248,362.14946363969,376.656806171877,348.397554309339,404.770560908659,421.854706554386,430.568530415663,442.620019127299,425.975871734797,389.405949263639,371.751113659525,376.827829301823,376.933984076153,353.794681778553,351.663991108916
Trade (% of GDP),NE.TRD.GNFS.ZS,Hungary,HUN,131.045068739569,118.320109162292,116.60617427443,123.422334747029,127.784246293794,148.96274609329,155.45295855072,158.276507919924,144.950161093855,157.398484246815,166.365560083394,165.593273413311,164.287652518947,168.340714718027,167.272127057162,164.370333339537,165.200754138916,163.238968653431,161.236220195785,157.25836194975
Trade (% of GDP),NE.TRD.GNFS.ZS,Iceland,ISL,74.7346556223368,69.4320112878179,68.1992117488105,70.4319020602726,72.4506153719683,77.5361532018636,74.6709135585578,82.6880266963066,89.3947432104364,93.6463981817789,101.408701748757,104.085475471704,98.7895236023721,96.6655918887019,95.8182079086458,88.3330236353413,86.9789469759093,89.9533244102811,84.0908654376664,69.2122188102293
Trade (% of GDP),NE.TRD.GNFS.ZS,India,IND,25.9932547534365,29.5086629352982,30.5924361330175,37.503814059447,42.0016696151004,45.7244804990503,45.6862686794412,53.3682204392226,46.2728696431018,49.2552064974806,55.6238800135298,55.7937217287511,53.8441319466777,48.9221857470669,41.9229138658647,40.082485713276,40.7424969545225,43.5986571563322,39.3867710424687,37.8709979062774
Trade (% of GDP),NE.TRD.GNFS.ZS,Indonesia,IDN,69.7932075256238,59.0794617663723,53.6164937473016,59.761294836691,63.9879358688635,56.6571268148867,54.8292499782075,58.5613996312961,45.5121213687054,46.7012738758737,50.1800131841104,49.5828982992627,48.6373726752893,48.0801755855227,41.9376402415294,37.4213418023318,39.3554970704606,43.0743089551995,37.4487792904287,33.190588652277
Trade (% of GDP),NE.TRD.GNFS.ZS,"Iran, Islamic Rep.",IRN,40.535566479523,48.1726865520657,50.6791057753261,51.3138573265888,54.4404952635536,53.1673587143845,49.8873069225934,48.2294027741438,43.6995802243585,43.7706437371399,43.1912922954544,47.3730556959042,50.3313978617656,44.604420307551,39.017300702637,43.2144622881954,48.7806379098043,65.0508409919591,56.1730621052694,51.2943669512159
Trade (% of GDP),NE.TRD.GNFS.ZS,Iraq,IRQ,126.780256702911,119.762047990754,154.234523260266,120.233977121676,115.742540308642,89.6505204858719,74.092853105498,81.0555432665835,78.6873788189898,73.4974796202443,72.1713282233655,73.6086845912812,67.4100184095672,68.9824868569036,69.5917685983115,54.588320188677,59.7809123923157,65.8017917701083,68.5611790276193,..
Trade (% of GDP),NE.TRD.GNFS.ZS,Ireland,IRL,174.84073239778,163.719354360002,146.531500811248,146.587525808196,148.17558480428,150.021804736753,153.396863813395,160.039444160284,173.591494341428,189.839594242625,187.814232762903,191.103656711828,188.784329835704,201.870609819519,215.163960873751,227.40195155264,220.15069666464,217.42522408799,252.33506205965,239.951029277209
Trade (% of GDP),NE.TRD.GNFS.ZS,Isle of Man,IMN,..,..,..,..,..,..,..,..,..,..,..,..,..,..,..,..,..,..,..,..
Trade (% of GDP),NE.TRD.GNFS.ZS,Israel,ISR,64.9636058362475,68.6713633243921,69.9747395825569,78.1077940847309,81.5865765419846,81.3746696475815,81.7627872477742,77.3716748977032,63.7577947609451,67.4579241720931,70.767380392153,71.8404476356253,65.4037812707221,62.8010405716906,59.834541144478,58.5452086784661,56.9917440366534,59.16209174212,56.8353621725804,51.4146242126937
Trade (% of GDP),NE.TRD.GNFS.ZS,Italy,ITA,50.0348046309252,48.0579242988141,46.1488447781921,47.4303303888471,49.3010107621318,53.1681791846237,55.061455631698,54.4928757988188,45.4187617874817,52.0061883742819,55.1455224600271,55.6547208446016,54.8675793967737,55.3221151506422,56.4181761616088,55.3676028142217,58.6041759472917,60.3035512426617,59.9528651429085,55.085296289765
Trade (% of GDP),NE.TRD.GNFS.ZS,Jamaica,JAM,84.8277345994425,81.846755427102,88.1506308424088,89.3181040726816,90.4878933449097,100.745598824993,101.244422062437,113.577403844226,86.8851243338837,80.920400318881,83.8218202275808,82.0400783486515,83.2595719840011,84.7409436644564,76.1175216623476,76.4551589573055,83.523172517513,89.9779060412351,90.1106076335994,89.9745070739752
Trade (% of GDP),NE.TRD.GNFS.ZS,Japan,JPN,19.5596044720071,20.4471220661583,21.3261252678119,23.6643534228975,26.2299545778565,30.0163760986692,32.816578051879,34.1294765412245,24.3901665338555,28.4984726938389,30.1949607286296,30.4709109171752,33.9787686509511,37.4314345686579,35.4274083544798,31.3102468455884,34.4232135721686,36.6389267257065,34.7609782866265,31.0726925648669
Trade (% of GDP),NE.TRD.GNFS.ZS,Jordan,JOR,109.284377778868,114.039542657248,115.706459100282,134.625342421952,146.912780708309,141.747870461213,145.992964624506,140.91292596092,112.151998187109,114.222677694125,118.699679501801,117.855587685189,111.451527997628,109.938805535022,95.3579122266791,88.7207178954687,90.1635150603689,88.5315171676213,85.6880461088272,65.3719225706037
Trade (% of GDP),NE.TRD.GNFS.ZS,Kazakhstan,KAZ,92.8490685069707,94.03168564978,91.4633324250457,96.4091997009336,97.7625030243024,91.4535267973373,92.1616330969975,94.2948046483658,75.7660674636533,74.1382658957842,73.1178570509129,73.7237324891671,65.4076093299538,64.9720346513507,53.0497288072652,60.3115965864153,56.825387935971,63.5279565118188,64.8586165517565,56.2195230436642
Trade (% of GDP),NE.TRD.GNFS.ZS,Kenya,KEN,55.9468360286644,55.1726722640053,54.132265895729,59.4770033484289,64.4788661639796,55.2364851257303,53.8947888046059,57.5785986473131,45.9451918127805,50.3942873502834,58.4022059745625,51.6236920232481,47.4646425127304,46.170489362216,40.3273846919019,34.8650195731824,35.9950578754074,34.4147531767425,31.7039517908853,27.3530492722398
Trade (% of GDP),NE.TRD.GNFS.ZS,Kiribati,KIR,113.464262295082,129.427895440261,110.667404593595,103.190618877906,125.632766137699,100.415323241707,104.360099901612,99.4837973012352,103.354874819355,90.8194635145665,100.762278377914,104.59672665348,105.809320250737,116.118516466706,123.015296376374,128.828373041264,119.614718738462,96.7116535577931,..,..
Trade (% of GDP),NE.TRD.GNFS.ZS,"Korea, Dem. People's Rep.",PRK,..,..,..,..,..,..,..,..,..,..,..,..,..,..,..,..,..,..,..,..
Trade (% of GDP),NE.TRD.GNFS.ZS,"Korea, Rep.",KOR,62.2237972179905,58.3530394029217,61.1746012790121,70.0157148656729,68.3248110236401,70.6518735304194,73.8745252877915,95.5163524347469,86.133619369747,91.3995964951756,105.566313581348,105.458327737701,97.9521049538882,90.6144418981567,79.132494389092,73.6038094655981,77.1209178066416,78.9888655134363,75.757138965219,69.215520721491
Trade (% of GDP),NE.TRD.GNFS.ZS,Kosovo,XKX,..,..,..,..,..,..,..,76.7307430830911,77.7553766977497,82.1774799739022,86.1517494661872,81.3639162574412,75.1034836607029,77.0760521643276,74.0204422546574,75.0188123077463,80.4101373469745,86.3150846710967,85.7534085053482,75.6080171280001
Trade (% of GDP),NE.TRD.GNFS.ZS,Kuwait,KWT,86.8504672897196,81.2251941328732,86.5551755074577,89.2976416790834,92.2426800942645,89.7130931980522,91.7325033915889,92.6834562516721,88.8110649851457,97.0277394858401,99.0903703424986,101.011241259136,97.606702286398,100.036945094404,98.6995732929543,96.1589075409082,97.840046457409,103.115458424135,98.1829442370446,..
Trade (% of GDP),NE.TRD.GNFS.ZS,Kyrgyz Republic,KGZ,73.7469123687968,82.9207290212667,83.9327828079655,93.8157321567302,95.0840046303638,120.749981766273,137.058387838563,146.106082230139,133.379153167955,133.232850492333,136.179840420492,139.675937840309,134.026785643922,125.126181075833,110.961570714633,105.823574017406,100.617445813258,98.8755599017608,99.3730765509503,83.0101220952144
Trade (% of GDP),NE.TRD.GNFS.ZS,Lao PDR,LAO,65.8994368798482,67.2549028523532,60.5720958822186,66.0797516217561,71.7926462754038,81.9613754165271,79.2126289024477,81.8491820935396,76.9308262199683,84.7203378917196,91.6986958673336,98.185126430631,98.1791466160708,99.0597382925996,85.7983217037662,75.0918909206445,..,..,..,..
Trade (% of GDP),NE.TRD.GNFS.ZS,Latvia,LVA,86.3683911333031,83.2063442403465,84.6111799534319,93.1356761811573,100.235751280167,100.132982720502,95.5732855011814,91.1764553594846,86.4124530894934,108.604780633327,125.490446188595,128.22844171041,125.157855220952,125.210826705481,122.227576075428,118.834858598629,123.79291423318,123.655350997319,120.379090150487,119.481985939129
Trade (% of GDP),NE.TRD.GNFS.ZS,Lebanon,LBN,55.5568083587026,51.0425325574951,54.0908340214699,90.9727970263936,92.7626562719829,91.0693970279733,97.967707966987,106.625673176631,90.3978388622246,95.0966529401992,102.139882413737,88.506910793841,86.1206273730386,79.7538096911134,71.6430250489411,67.4046845848581,68.0740026909983,67.7946802197507,61.0926413627404,45.5610231977079
Trade (% of GDP),NE.TRD.GNFS.ZS,Lesotho,LSO,..,..,..,..,..,..,165.05939732984,161.13408829446,158.900133076628,149.115417545588,149.012876432604,150.208515149604,132.443958797777,125.211544663842,128.438747051679,138.840187029649,144.952047270187,145.53884510921,140.981904205321,152.514638891587
Trade (% of GDP),NE.TRD.GNFS.ZS,Liberia,LBR,..,..,..,..,..,..,..,..,..,..,..,..,..,..,..,..,..,..,..,..
Trade (% of GDP),NE.TRD.GNFS.ZS,Libya,LBY,43.1734496124031,78.8597570352145,90.6127305175491,96.1293320792401,90.8608896854615,101.859331283415,102.224151279825,101.489331770223,102.05807153887,107.702458748139,99.6209891946609,114.368828654405,135.261704681873,138.897612225406,114.245922149291,70.214263429447,89.7314507033064,92.7726154291814,100.564801351088,91.811278017772
Trade (% of GDP),NE.TRD.GNFS.ZS,Liechtenstein,LIE,..,..,..,..,..,..,..,..,..,..,..,..,..,..,..,..,..,..,..,..
Trade (% of GDP),NE.TRD.GNFS.ZS,Lithuania,LTU,93.6656971630274,100.490621074193,98.2349064828604,104.604018876523,117.483577036961,124.335443328732,116.387387927408,126.849087602913,105.338778299376,129.887382863414,148.447219109978,155.843160657432,155.886790868636,142.721642753591,138.552317324475,134.453858437451,144.873355393449,148.592096509788,149.368674128687,137.71717714807
Trade (% of GDP),NE.TRD.GNFS.ZS,Luxembourg,LUX,270.765630443257,250.689198161424,244.977946060528,265.226884855637,284.077476869478,305.879547488526,307.485020085196,292.21348078343,263.532701541684,293.671876906939,308.714453874162,311.786835204686,320.533506316768,333.42885319668,351.13197436149,348.437409376889,353.793991980303,360.132136323845,380.104207111215,376.295035075446
Trade (% of GDP),NE.TRD.GNFS.ZS,"Macao SAR, China",MAC,150.023588329221,152.382640999662,150.78839554326,148.903750204961,136.372221937073,128.785689078596,130.670598794717,126.607131209269,113.555113336389,119.940087700279,122.888389442116,123.713341833778,121.422551665011,118.635351959792,118.498337540449,112.184468174855,114.757965512216,115.630664847193,114.392296815029,121.251895699819
Trade (% of GDP),NE.TRD.GNFS.ZS,Madagascar,MDG,41.0351260923859,50.1816919379298,34.030602917475,48.7753818852156,59.1300849357677,62.1028389388375,66.7027353586752,74.3573539606453,62.4116975972714,57.8748945099432,56.4830925963256,52.6517140806629,56.367581791096,61.9694322121088,61.2203788355092,60.8346984847603,65.3434015083109,67.8415046681922,62.601323045728,48.9932934934352
Trade (% of GDP),NE.TRD.GNFS.ZS,Malawi,MWI,..,..,..,..,..,..,..,..,..,..,..,..,..,..,..,..,..,..,..,..
Trade (% of GDP),NE.TRD.GNFS.ZS,Malaysia,MYS,203.364636010653,199.356232695655,194.195129056831,210.374265897124,203.854644595624,202.577146840398,192.465506357652,176.668324785148,162.558970452699,157.944764886771,154.937684607226,147.841754766013,142.720991464873,138.312231176843,131.37007244526,126.8990100257,133.155173371956,130.402647607338,122.9944414228,116.425044384285
Trade (% of GDP),NE.TRD.GNFS.ZS,Maldives,MDV,..,..,..,..,..,..,..,..,..,..,..,..,..,165.97925116043,149.52378530053,149.052494561066,151.563645515725,153.832554237169,147.894182781744,117.889845659916
Trade (% of GDP),NE.TRD.GNFS.ZS,Mali,MLI,60.2008030180009,57.8292913721816,58.6281417028541,55.311617661017,54.1253257762848,60.9766738353202,56.6497462449036,63.4760160560442,50.5191929331436,57.9852972401459,53.9135577829201,59.1205945506867,64.8176608730751,60.6387074880093,63.6396396861516,63.7632964244702,58.0684483263947,60.1447828038175,63.6587027641655,64.8649817647304
Trade (% of GDP),NE.TRD.GNFS.ZS,Malta,MLT,221.478788321684,223.9061609095,217.893680169913,212.647354524325,217.60221832084,253.836606874537,262.31705795599,298.818062272979,294.950095332085,301.836697583246,319.70341641224,322.676452856014,304.328625830067,287.641433044661,299.470156676248,289.545050397406,283.749818568508,268.904310398389,271.435675668983,271.546835013446
Trade (% of GDP),NE.TRD.GNFS.ZS,Marshall Islands,MHL,118.330375170976,102.492822886604,116.784209865409,115.930132995873,127.153585067315,114.983203288961,117.238334253475,118.567349730643,130.604875755828,148.720037953432,152.798996448659,156.838452129644,160.415039136466,150.099372580195,136.509237855814,113.783075754215,122.184001151948,124.783506755077,148.764940771445,104.460317823927
Trade (% of GDP),NE.TRD.GNFS.ZS,Mauritania,MRT,60.7012124604715,56.7855296001806,55.3180243332438,75.2188046787959,88.2350995596491,82.7885012130323,86.0640556779132,94.1202110004251,82.0086176018151,93.4207451334608,98.485329604158,110.788122743421,102.398824183169,91.610371363604,77.3467864944966,73.1532616736712,78.8149801833884,82.2013034941211,89.1857404813714,91.0602577784788
Trade (% of GDP),NE.TRD.GNFS.ZS,Mauritius,MUS,129.778721929083,119.82234029811,110.118531675733,108.468732630691,123.24609942005,127.062861757975,120.876451250142,115.489315893532,104.42972895159,113.457073552476,117.538946368786,119.500119779606,109.969736598308,108.138763766955,105.009600066359,97.9855784159258,97.3654913265719,94.9841664311718,92.1393506123383,78.6966012865029
Trade (% of GDP),NE.TRD.GNFS.ZS,Mexico,MEX,47.1660730175839,46.6979147083911,50.2056894551963,53.486145239206,53.9381321057714,56.0927246318034,56.7952793615147,57.7770309296138,55.9677697591441,60.7603184699927,63.4696779207521,65.7672458233911,63.7648766108259,64.9253579018616,71.0890901134614,76.0622091378111,77.1157445044434,80.5593842287784,77.8828590969072,78.1958216272735
Trade (% of GDP),NE.TRD.GNFS.ZS,"Micronesia, Fed. Sts.",FSM,95.7320572733056,89.8144131632725,94.7935260513159,93.7176359912752,92.5195549498386,95.3224299415599,98.6724416170276,109.289475654306,108.787817810896,105.813653142123,106.904622398343,111.358914489194,113.261346269274,105.859971084144,105.296472336084,100.635034905852,101.024254172998,100.851461800905,105.965562172549,88.5916920354776
Trade (% of GDP),NE.TRD.GNFS.ZS,Moldova,MDA,124.500739599353,129.839525501535,140.056529925052,132.69906968032,143.023568469138,137.154763819994,142.720539023021,134.4216013477,110.363326850495,87.9378527664967,98.6175953233447,96.3064095527175,95.6872967604033,93.1592678884947,89.3306782687461,87.6371595299043,85.6371918766728,85.8662253827237,85.9023778466152,75.6884659355877
Trade (% of GDP),NE.TRD.GNFS.ZS,Monaco,MCO,..,..,..,..,..,..,..,..,..,..,..,..,..,..,..,..,..,..,..,..
Trade (% of GDP),NE.TRD.GNFS.ZS,Mongolia,MNG,115.81832687888,118.517253113943,120.299393514881,131.329318233554,122.381459889773,112.929983096983,117.880426425377,121.198013401183,107.813757166177,103.350031656557,126.999228633482,109.588564341699,100.311989663466,109.32231187522,89.653663477814,101.05523722289,115.932901870633,126.355873240656,124.396514622815,112.838647629188
Trade (% of GDP),NE.TRD.GNFS.ZS,Montenegro,MNE,100.409386075314,95.2294000160253,77.5983890107329,100.109654967142,104.625139256659,117.994735505471,128.746158606061,132.340271682179,99.4250282074869,99.7803263266018,106.658853993576,111.766044513287,102.770930155442,100.127619998369,102.688977351832,103.672918902679,105.554964991437,109.609296759902,108.8445840579,87.0060222391651
Trade (% of GDP),NE.TRD.GNFS.ZS,Morocco,MAR,59.4180038973489,60.5340864045186,58.3277426764957,61.596533473438,67.9148544916014,71.4962867805158,78.4871743394128,85.6728209004978,67.91510294823,75.2476345357776,83.4268001663258,85.1249172938184,80.0205585556891,81.7722741890864,77.1980363378713,80.8605951862807,83.9991721893241,87.9757826828681,87.2255175632327,77.4820310943984
Trade (% of GDP),NE.TRD.GNFS.ZS,Mozambique,MOZ,48.5749654224364,70.6714528007057,67.452626063775,68.6467493318085,68.6027228179978,64.0923724602341,63.0371484895658,62.3331299273264,64.8051923505176,70.6407003041471,80.2303498035349,101.87164442616,103.150504433069,111.465174652388,93.9087089469391,105.638472008349,99.7188116866019,127.204156877743,115.840706584198,..
Trade (% of GDP),NE.TRD.GNFS.ZS,Myanmar,MMR,..,..,..,..,..,..,..,..,..,18.8008858977567,16.1315684974955,11.8553981259821,30.9831055090008,40.5280162682664,44.9472283600368,53.9150437627988,61.0214817399399,62.4489070251423,60.6889892165365,54.4680241529707
Trade (% of GDP),NE.TRD.GNFS.ZS,Namibia,NAM,88.5841018380245,94.4152228948906,95.9524743817213,81.8622605916543,80.6803802939816,86.8339693259998,104.979303758915,119.644498184785,123.762844292976,108.072477173606,102.189147754138,100.2134087743,97.7249042303832,103.080137009254,97.2390317873478,93.966187960162,81.2196674266379,81.7138667856396,83.474862753762,76.4059925167765
Trade (% of GDP),NE.TRD.GNFS.ZS,Nauru,NRU,..,..,..,..,..,..,..,164.285714285714,145,100,128.358208955224,125.531914893617,164.583333333333,172.80701754386,178.846153846154,148.175182481752,117.931034482759,105.625,98.7951807228916,..
Trade (% of GDP),NE.TRD.GNFS.ZS,Nepal,NPL,55.7999210803706,46.2307185004451,44.2478836156195,46.1472867206087,44.0629474798613,44.7619877569242,44.5792750200254,46.0362063511913,47.0794477633688,45.9849057742707,36.2164295173455,37.921906058758,41.8653757376722,45.9826416115927,46.6657303895158,42.115486124737,44.6424106224996,48.4473869456381,49.2495265876321,40.6471245818059
Trade (% of GDP),NE.TRD.GNFS.ZS,Netherlands,NLD,120.038764757274,113.457397877227,111.920009360192,117.608627471726,122.806657675042,127.772151379019,130.457871020883,131.05989202686,116.889549678159,131.522074134799,142.471773282141,149.268415200791,149.549331302435,150.053755435106,157.816576039698,148.858664731618,156.028211221086,158.823210208957,155.270676645491,145.304620076366
Trade (% of GDP),NE.TRD.GNFS.ZS,New Caledonia,NCL,58.184352307332,56.1330040403419,61.8880338915628,58.581337848595,61.9103270038441,68.0205144798029,72.1743887157894,67.9174783831475,56.0771570332275,68.1684823937939,66.8445220722878,63.7533913097757,58.8723435046881,58.9577979346478,60.0467960954308,58.0296161468389,58.9306150501061,..,..,..
Trade (% of GDP),NE.TRD.GNFS.ZS,New Zealand,NZL,67.2338243520418,62.6559945554479,57.914769345753,58.7995522745359,58.0187434407163,59.6032650403479,58.4251605749091,64.4087304520448,55.1457230053472,58.2516155049129,59.2404647341861,57.0231138126526,56.0171482819501,55.1646268595212,54.8210229497924,52.3211088268453,53.905048341024,55.4934288816221,54.0916996243138,44.2647724160006
Trade (% of GDP),NE.TRD.GNFS.ZS,Nicaragua,NIC,57.9801315472268,58.0912844080785,62.1750658877514,67.195316780004,71.6457237072991,87.3096147696865,93.0245124168498,96.7940851265477,86.9933823485849,100.363535273614,111.827667544176,115.17738332379,110.984053327441,106.698378420443,98.1944568271562,93.8139856572196,96.3809326104693,93.9842525815839,94.5667396847057,89.4744249035065
Trade (% of GDP),NE.TRD.GNFS.ZS,Niger,NER,33.0136670843015,30.8343857497549,33.3827931416238,36.9641044464896,38.3477418070736,36.5313731842429,35.5028028471007,39.7112440540383,49.5122567031625,51.9459863027627,50.2463951569345,45.08596447308,46.2951491493291,45.7416008365932,44.727430371186,36.4881092245519,39.5592626277992,38.134113223509,37.714365532054,36.176377154166
Trade (% of GDP),NE.TRD.GNFS.ZS,Nigeria,NGA,49.6805002885015,40.0351685881311,49.3349648618029,31.895870440492,33.0594600696505,42.566565803723,39.3369315096852,40.7968353499,36.0587104056279,43.3207568422645,53.2779583342983,44.5323680484012,31.0488599618018,30.8851937150808,21.3326518707854,20.7225188807225,26.3475990009104,33.0078334908649,34.0238778317108,25.3997889579431
Trade (% of GDP),NE.TRD.GNFS.ZS,North Macedonia,MKD,71.4782105684389,71.5334846721143,71.0693204909674,80.8704849956907,85.8410034787176,92.5516664675666,106.092966003288,111.570054713298,87.1767537660809,97.8810691156562,113.19191013947,112.214834702155,104.857229956305,112.537928969299,113.698443879103,116.185408418026,124.13728389629,133.215207648008,138.576231840539,129.058598515083
Trade (% of GDP),NE.TRD.GNFS.ZS,Northern Mariana Islands,MNP,..,151.947040498442,152.703793381759,178.099173553719,174.552309142319,159.69696969697,128.571428571429,100.851970181044,84.5283018867925,92.6157697121402,105.075445816187,114.879356568365,120.077720207254,119.831730769231,122.747252747253,152.845528455285,131.410256410256,108.909370199693,104.060913705584,..
Trade (% of GDP),NE.TRD.GNFS.ZS,Norway,NOR,73.2794606681813,67.6104049516152,66.5528239333878,69.0087604177182,70.8135781791539,72.3558498175126,73.1842294163025,74.8893594007111,67.054796805081,68.2495594214732,69.6733929343216,68.2174036699074,67.5466198492849,68.6632828305019,69.8591654324035,68.9403153109535,69.1644246402997,70.2096288584372,71.0444048577179,65.3304789263661
Trade (% of GDP),NE.TRD.GNFS.ZS,Oman,OMN,96.4905405111621,95.7879464700446,97.0004414918259,101.54721857171,99.1109943047734,98.5550230790213,108.871785465232,108.606938213492,105.00603004759,96.386556222489,101.640725154206,102.074165320289,112.543232582619,102.278159964986,96.3755976513582,82.8621871430055,88.9528263652563,89.2792178262847,86.4761336586,81.0495042542719
Trade (% of GDP),NE.TRD.GNFS.ZS,Pakistan,PAK,27.630045237448,27.6338067154702,29.7963964450084,27.549625426659,32.1544291384714,35.6817296644661,32.9904285662027,35.5942014925682,32.0718482614804,32.8689265807296,32.9399051456411,32.8055022073679,33.3335986818131,30.9012446161031,27.6546725177778,25.3062315100758,25.8528368532,29.043321842986,30.3471627227393,27.4786154098416
Trade (% of GDP),NE.TRD.GNFS.ZS,Palau,PLW,..,..,..,..,..,..,..,..,..,..,..,..,..,..,..,..,..,..,..,..
Trade (% of GDP),NE.TRD.GNFS.ZS,Panama,PAN,130.09836799567,121.851866028997,114.693366893187,123.652561234755,135.694316600018,137.89570200616,149.570452605545,166.69814626541,138.980368377267,148.275046157415,162.487561374868,158.058668881446,137.633790024782,119.090456892326,99.9365637115774,87.4084172104462,87.4278768464738,89.990506051278,84.9823400855033,74.0771853364783
Trade (% of GDP),NE.TRD.GNFS.ZS,Papua New Guinea,PNG,117.580367053663,118.919110291279,123.449069006746,131.082911016249,..,..,..,..,..,..,..,..,..,..,..,..,..,..,..,..
Trade (% of GDP),NE.TRD.GNFS.ZS,Paraguay,PRY,72.6056990118238,79.4415656482927,81.1273637701163,80.1044466155542,85.0219636540457,84.7335313048126,79.0011374202968,80.777574657268,70.8419818624432,81.2575233746727,78.4921238489348,74.7649574560794,73.3698713841075,69.0837240974717,66.9401410467947,67.7883879814801,71.4822127212716,72.5285860685284,71.3622668803433,62.7814462723065
Trade (% of GDP),NE.TRD.GNFS.ZS,Peru,PER,35.0644014310212,35.2491813317695,37.6246103251002,41.9360782679273,47.3573174768394,51.7850560338442,55.6881132836815,58.4337673899053,48.1119296153519,51.6728089370033,55.9882802838607,52.6198952632294,49.7871424471444,46.8531210912899,45.1627686891148,45.3888411964154,47.5135503619971,48.6363897341678,46.7892759903263,43.4367298376817
Trade (% of GDP),NE.TRD.GNFS.ZS,Philippines,PHL,84.9003886236387,83.8448040920403,87.5746443621455,87.1252848241902,83.8456745719882,80.8505386727324,73.6449799912209,67.6810707737443,60.886590786618,66.1042785142005,60.7958366994022,57.842005513083,55.8247812316927,57.4681720877888,59.1415921049173,61.776065765496,68.1683697426698,72.163398299407,68.8418422595763,58.1748700688308
Trade (% of GDP),NE.TRD.GNFS.ZS,Poland,POL,58.1567606852042,60.9873752483951,69.4462150830075,71.4456574975002,70.5305240628754,77.9707152682127,80.8314554512475,80.905760942025,75.2677975984403,81.9294270840533,86.9512301860852,89.2652771087603,90.5642354152851,93.4705395606939,95.4263255144599,100.080923558898,104.554498237291,107.420264852903,106.035324452871,105.575469686967
Trade (% of GDP),NE.TRD.GNFS.ZS,Portugal,PRT,65.0919551771122,62.3082594169772,61.1389474883653,63.2045936670279,62.944504560452,68.5470531182009,69.9461175817991,72.0757429221604,61.4926935267759,67.7832954557811,73.0995439986029,76.0508388667084,78.1144346199064,80.2823078763457,80.4908943813068,79.2742296253386,84.4391405215721,86.4287609308408,86.5647174091784,76.1766731627723
Trade (% of GDP),NE.TRD.GNFS.ZS,Puerto Rico,PRI,109.88564971882,106.32948683044,118.84015748242,117.000863757497,113.744794728395,117.728477994388,117.595779058079,116.277994389108,105.262196842682,104.153228306599,108.558400106824,103.311088093513,104.889019033675,102.381649613747,108.857788934515,110.276537402467,113.131233921127,106.055288580629,..,..
Trade (% of GDP),NE.TRD.GNFS.ZS,Qatar,QAT,94.968671679198,88.4697236252199,90.1649486943021,90.3724288385622,94.7455441696331,98.570919313572,96.1141057101106,89.4328416546905,80.1441629727012,86.070289953093,98.7216386905895,105.746294425841,102.383208106327,99.0343747414317,93.7076041736357,89.5476001199351,91.4945879195194,91.838448978201,90.0463755501859,90.0190948872861
Trade (% of GDP),NE.TRD.GNFS.ZS,Romania,ROU,51.9285910211481,53.7102478139376,56.1795270470243,60.6264786669408,59.3605494490555,61.6836259265159,63.5051566734658,65.1748146561928,58.4728337688248,71.3952597327036,79.9999964214776,80.3506291239713,80.9702476251552,83.2756834774294,83.5931599445395,84.5964231112973,86.5185593073843,87.1366571453939,84.8877950830106,78.979162308744
Trade (% of GDP),NE.TRD.GNFS.ZS,Russian Federation,RUS,61.1108586644206,59.6454457319607,59.1282690062584,56.5818523974086,56.7132484897549,54.7334018670627,51.7061227457717,53.3824660408908,48.4350610280677,50.3555054873676,48.0353994077919,47.1513903857957,46.287149400499,47.8013412628116,49.3593493116887,46.5181198396096,46.8765243371311,51.5809246610087,49.4443796530945,46.083080091412
Trade (% of GDP),NE.TRD.GNFS.ZS,Rwanda,RWA,29.2161492908958,27.6266932765731,29.3263209746749,33.4787591753888,34.2352757763709,33.2397730078643,35.9925556695605,37.6251305172226,36.8260442730053,37.3003526282953,39.7384773449355,40.564506073145,42.7173314274588,43.9272070980625,45.2269235499558,49.5121607554259,53.6752716384763,55.7645252608571,57.9313515913655,54.3436695823136
Trade (% of GDP),NE.TRD.GNFS.ZS,Samoa,WSM,..,86.0017476821618,75.0543818228949,70.360217484147,78.0639848981122,81.5058624965599,83.6513107848202,76.5215311717762,81.6060058800718,80.5951342136636,82.3710689457549,85.8457452272663,80.67598689593,84.7440880643422,78.06330448526,79.3920792029744,78.7097195640856,84.4275521735577,89.4754498372301,82.6736218825324
Trade (% of GDP),NE.TRD.GNFS.ZS,San Marino,SMR,..,..,..,..,..,..,..,..,..,..,..,..,..,..,321.364013420909,320.146089060708,313.85032377067,309.487956436918,307.264778080283,..
Trade (% of GDP),NE.TRD.GNFS.ZS,Sao Tome and Principe,STP,..,..,..,..,..,..,..,..,..,..,..,..,..,..,..,..,..,..,..,..
Trade (% of GDP),NE.TRD.GNFS.ZS,Saudi Arabia,SAU,63.5606286449077,64.592779159169,69.8311959739153,75.0827990181489,81.9540531480898,89.9446041479965,94.8633003614849,96.1026422187634,84.8583351128759,82.5498069392597,85.5435202828977,83.5117881829589,82.709049079995,80.6404710009163,71.1201363237211,61.8620420209002,64.1849942849556,66.6867663118935,63.6597579454066,50.6023797517223
Trade (% of GDP),NE.TRD.GNFS.ZS,Senegal,SEN,49.7205780648314,53.1442994641329,50.8212198933376,53.6592031275529,54.9032435689485,54.1362378092613,59.2713043549794,62.7617698176319,52.3072908773365,52.4578551962948,57.5768785989578,61.9753040040375,60.6267663596737,58.4425289760992,58.1103376742017,54.1081692072139,57.7052798455617,61.7898394793183,62.8307975904273,56.0927530181622
Trade (% of GDP),NE.TRD.GNFS.ZS,Serbia,SRB,56.5478134250637,56.866386898894,61.1703494982451,74.2297740270358,73.0169295534697,76.9079500160153,75.6051952539642,78.679488043902,66.021819804527,76.7311680529264,78.8090391777838,85.4708270968796,87.920271381138,92.2314185257064,97.3957666573256,101.860024969348,107.527719112101,109.494865710998,111.954597500673,104.76102511637
Trade (% of GDP),NE.TRD.GNFS.ZS,Seychelles,SYC,187.391445581497,163.250763917957,175.401180699499,155.573254589062,178.308439734311,184.897604036644,182.438628356916,213.519266426151,225.023106737189,201.880604015378,207.157063504092,216.483181811291,182.810905549125,187.257147560637,167.208140746594,173.683897463877,188.883225299172,186.869306617992,178.658251098466,175.099174439798
Trade (% of GDP),NE.TRD.GNFS.ZS,Sierra Leone,SLE,35.4243931073053,38.3858021277704,45.9060160845621,45.5880654083465,46.872841394771,41.9127954550172,40.2953871705296,39.2134766212099,41.4365302397403,51.277552995909,80.7169470499489,93.2741188545165,87.4528009894414,83.1857952601291,66.8026117984293,79.4160025693785,74.4878297732032,56.6958306351663,56.1906504048883,51.5579377492233
Trade (% of GDP),NE.TRD.GNFS.ZS,Singapore,SGP,349.292105694978,349.746013985676,377.218564301581,401.523712538509,420.430512920559,425.363399543019,394.288471919078,437.326714891057,358.192811828842,369.685555787646,379.098631377539,369.212965787665,367.041780049019,360.467319166237,329.471398940262,303.318352066729,315.739321527621,325.34228814694,323.517605315291,320.563513771917
Trade (% of GDP),NE.TRD.GNFS.ZS,Sint Maarten (Dutch part),SXM,..,..,..,..,..,..,..,..,..,..,213.577226068274,217.453391511305,237.449481157837,205.217586361597,187.962550156041,182.064544650752,164.613220815752,171.72478793591,..,..
Trade (% of GDP),NE.TRD.GNFS.ZS,Slovak Republic,SVK,121.679291527254,120.373886604428,125.147678981072,139.650377296647,147.727895586359,164.626286507128,166.329552934429,162.070856599542,136.24069102241,154.041033464494,168.702380811643,176.848450653049,181.96395721218,178.60083247172,180.676482582579,184.560495602675,188.469251961075,190.698594899212,184.130693089562,169.947173659196
Trade (% of GDP),NE.TRD.GNFS.ZS,Slovenia,SVN,104.534076563023,103.651280553018,102.324625859168,111.556541038575,120.262617804629,129.788393459099,137.127148234266,134.73152161893,113.121871683813,127.491480632624,139.277906278572,142.384430845304,143.75635401147,145.549750211855,146.295856696074,146.657774528668,157.27443872417,161.185074675484,159.276322633948,146.540910932224
Trade (% of GDP),NE.TRD.GNFS.ZS,Solomon Islands,SLB,45.1180009254975,45.1240376390077,50.5668934240363,59.1397849462366,65.4413812308549,79.7755550134179,93.7210282343026,94.8126269152667,78.306342780027,101.991506809196,109.26087498442,105.479452054795,100.106598443663,93.51269035533,87.4528757854036,85.5252350095829,87.6869178843032,91.2394186232231,85.1554585833398,63.07001653934
Trade (% of GDP),NE.TRD.GNFS.ZS,Somalia,SOM,..,..,..,..,..,..,..,..,..,..,..,..,98.4589412226688,98.666728163264,94.2465280875932,95.1378005147819,100.160456409342,106.688502734909,101.193906024297,100.440967943837
Trade (% of GDP),NE.TRD.GNFS.ZS,South Africa,ZAF,49.170945185829,53.4655016294369,45.723862568979,45.6435752240041,47.4277813970329,53.7681412741145,57.125139137747,65.9745237996233,49.5875353278801,50.4060871625999,54.6363504358971,55.5826171933345,58.875027630051,59.4995740550593,56.7266761447156,55.8612575048782,53.5359318293741,54.5075835750773,54.1502462506676,51.1268459417609
Trade (% of GDP),NE.TRD.GNFS.ZS,South Sudan,SSD,..,..,..,..,..,..,..,97.2662973183488,94.8357640879963,90.9434483661131,93.226859754919,71.6198113947489,50.8112465907463,64.6345178070809,65.5513491845003,..,..,..,..,..
Trade (% of GDP),NE.TRD.GNFS.ZS,Spain,ESP,57.9971554637493,55.0991792430679,53.4636891006225,54.5241826916923,54.7622975833471,56.1771348136076,57.7476037596033,55.9833300436847,46.9948743270275,52.928240557318,58.7931710352776,60.8453698432449,61.9962993018068,63.8656097225425,64.2126411715031,63.7726244343891,66.6925732463354,67.6081375663926,66.9793269713712,59.7687236841636
Trade (% of GDP),NE.TRD.GNFS.ZS,Sri Lanka,LKA,80.8986015327576,76.3351317826517,75.336247330543,79.4829449011187,73.6039729580533,71.2611784883009,68.6065116601391,63.369043608222,49.1491415308235,46.3638869480799,54.9845761790371,51.4920800997405,49.2577923426032,50.250882701962,49.558796593134,49.6360867170658,50.8867687091776,53.507489150221,52.3819853655423,39.5233797804662
Trade (% of GDP),NE.TRD.GNFS.ZS,St. Kitts and Nevis,KNA,..,..,..,..,..,..,..,..,..,..,..,..,..,..,..,..,..,..,..,..
Trade (% of GDP),NE.TRD.GNFS.ZS,St. Lucia,LCA,..,..,..,..,..,..,..,..,..,..,..,..,..,..,..,..,..,..,..,..
Trade (% of GDP),NE.TRD.GNFS.ZS,St. Martin (French part),MAF,..,..,..,..,..,..,..,..,..,..,..,..,..,..,..,..,..,..,..,..
Trade (% of GDP),NE.TRD.GNFS.ZS,St. Vincent and the Grenadines,VCT,..,..,..,..,..,..,..,..,..,..,..,..,..,..,..,..,..,..,..,..
Trade (% of GDP),NE.TRD.GNFS.ZS,Sudan,SDN,21.6412901313421,26.1389343449679,26.9652412260399,30.5858796355749,36.0268343844964,36.4004910959905,34.6249054690966,38.1392044373835,44.3443690040824,43.6589976126358,29.5881702622578,28.1236601962003,26.1421794819594,1.3777969625802,1.50099591626307,1.45598862807747,1.46238454189561,1.29505355246102,1.21884530715618,0.784630821265929
Trade (% of GDP),NE.TRD.GNFS.ZS,Suriname,SUR,..,..,..,..,..,98.1681931723564,101.377000372162,109.166838523407,87.9206617785298,90.9613941465855,..,..,..,..,..,..,..,..,..,..
Trade (% of GDP),NE.TRD.GNFS.ZS,Sweden,SWE,80.5882900359504,77.2186507056824,75.2455936655162,78.5911495819721,83.7514776951197,88.1954134776664,89.1620822111883,92.5641504308151,81.5088560374264,84.2483771880363,85.7910274001081,85.2822510623587,80.8156652769752,82.9335316938536,83.7238145087279,82.3206450872032,84.9347494342818,89.1311983954621,91.4338289680865,84.5333337078048
Trade (% of GDP),NE.TRD.GNFS.ZS,Switzerland,CHE,95.1309572793268,90.6590050823664,89.1278569115947,93.9405486651636,100.460725120111,104.607003441164,111.554559290078,115.136745089671,107.725299706923,117.883494073748,123.094341634788,124.070182759985,130.891636798867,116.290754920505,113.122254468133,119.728166414981,119.270037208402,119.976635141108,119.215536452275,115.889399716918
Trade (% of GDP),NE.TRD.GNFS.ZS,Syrian Arab Republic,SYR,67.3681324999384,71.6443076814108,61.5469905405418,78.1149285929097,80.1330024866606,74.2052265865927,76.3793535157197,74.2279600990172,59.9438252393676,64.0101646947258,50.6960943456553,35.3686903315942,44.7052547833532,54.2644225210945,43.9976647209869,54.8128654505923,50.8556555376318,50.6198026205142,40.9768959464961,..
Trade (% of GDP),NE.TRD.GNFS.ZS,Tajikistan,TJK,146.657305562056,138.6839688324,137.669592976856,128.338170674363,126.994699303416,141.153912074728,145.528099715723,114.480149093579,85.9781370434108,73.493044509473,79.7842446734572,83.1759445401528,71.7437428882341,54.6071596053705,..,..,53.7862598026206,55.8461114113303,56.0450159145896,55.2715088343233
Trade (% of GDP),NE.TRD.GNFS.ZS,Tanzania,TZA,28.020506467552,27.4897630463662,30.4383675184056,33.5982316952082,36.9592732888675,42.7681664695131,48.0583947791253,49.0265445505002,43.5326006451782,47.6404394303252,56.1661241825971,54.369588009896,48.6306153506748,45.3560221042122,40.7576802266343,35.4204700249486,32.2389410060768,32.642609983094,32.9591225913765,29.6042500028828
Trade (% of GDP),NE.TRD.GNFS.ZS,Thailand,THA,120.267966273533,114.969743021067,116.692819704865,127.411873720393,137.853866832247,134.086946191268,129.873226989717,140.437011540931,119.269418854589,127.250522638251,139.675407224576,137.67493851024,132.462274174269,130.905495444398,124.839662152526,120.57522728913,120.891427433638,120.876104737669,109.631664793279,97.9942651063944
Trade (% of GDP),NE.TRD.GNFS.ZS,Timor-Leste,TLS,166.696373497597,180.373166133731,122.311985320909,107.341152170569,74.6759132272916,98.8729522872264,128.760892225689,135.257204899916,157.698466767114,134.412943207279,140.782972943027,128.518820620145,79.6459755921737,82.7490516698218,59.9236683592667,59.9396710990456,56.2886011392479,62.4159135669821,82.370754844998,162.963395026109
Trade (% of GDP),NE.TRD.GNFS.ZS,Togo,TGO,72.6030501025113,72.8769323937738,78.2179323340136,81.7168437127658,86.77530132651,87.0059941653751,85.8807485153984,84.6488707196632,85.7607678624351,91.2036693268461,108.106730758166,104.410829201099,112.761002293784,97.4644223622392,93.6597840339157,66.8805686246478,58.1356127547209,56.6889341889665,54.3720696493022,52.9491439508884
Trade (% of GDP),NE.TRD.GNFS.ZS,Tonga,TON,58.231431149838,73.5146338383934,76.072622497597,76.1814066549823,74.70957781801,66.4809745971954,70.4414052130533,68.6624461443502,78.1388602594987,73.1896104241153,78.7838067129872,78.0414878353953,82.9404747725753,74.9207214150041,81.4514215307608,84.9476823974645,87.9674736759982,87.5352920193543,87.1156751279984,81.2393122938884
Trade (% of GDP),NE.TRD.GNFS.ZS,Trinidad and Tobago,TTO,..,..,..,..,..,..,..,..,..,..,..,..,..,..,..,..,..,..,..,..
Trade (% of GDP),NE.TRD.GNFS.ZS,Tunisia,TUN,89.5522011944661,85.3421759692656,82.390340709916,86.9253446966283,90.2512478803945,93.9409304094309,104.059400976647,114.343660218696,93.0168787876722,100.150491159739,100.106184877565,101.550644949052,98.9555282501316,96.1066274140841,87.1945846815338,86.8029059345765,95.7630299947693,104.298038206801,..,..
Trade (% of GDP),NE.TRD.GNFS.ZS,Turkey,TUR,49.8714751387935,47.9823940487577,46.2250976270923,48.8258381508865,46.1423570520464,48.7628710706907,47.8508167487862,50.5482538951665,46.7870669467638,46.6944652263085,53.3041756356468,52.830802656723,52.5272987998138,53.7663011662543,51.0885436007552,48.3281862338973,55.762168749568,62.5543694272866,62.6118807238683,61.1406036077751
Trade (% of GDP),NE.TRD.GNFS.ZS,Turkmenistan,TKM,81.9858549438358,63.7046861184792,63.201750694386,59.3199674884855,53.9723419741336,52.4473010022922,56.2777777777778,94.7240751970891,104.95217927132,96.8630558404027,111.062833823441,109.333652637251,98.5928226795449,91.0934829576602,81.2999305660859,62.0460846966262,53.5753567069955,35.1596941385908,..,..
Trade (% of GDP),NE.TRD.GNFS.ZS,Turks and Caicos Islands,TCA,..,..,..,..,..,..,..,..,..,..,..,..,..,..,..,..,..,..,..,..
Trade (% of GDP),NE.TRD.GNFS.ZS,Tuvalu,TUV,..,..,..,..,..,..,..,..,..,..,..,..,..,..,..,..,..,..,..,..
Trade (% of GDP),NE.TRD.GNFS.ZS,Uganda,UGA,35.3299767816294,36.2777941575217,36.5857264653029,35.4600862458745,38.9942854848779,43.6332857896204,46.7774166520615,56.2582682052931,47.0638780752569,38.2692490377161,39.7552255606245,43.5021371400375,43.1091548727027,36.014401081936,37.6892983320816,31.2093620235349,36.8370529331773,36.6384056006915,39.3610539649061,37.0006923916369
Trade (% of GDP),NE.TRD.GNFS.ZS,Ukraine,UKR,99.9261276192731,95.994669810112,102.590182257396,109.981708544962,94.6475701087848,89.181052639031,88.0465606718626,94.1718921417534,87.4761626200316,95.72973045329,104.805073904259,102.622788356626,94.0016694501782,100.691782483624,107.806616298156,105.521204913122,104.034982911399,99.1998150718675,90.5112342910763,79.1753978659613
Trade (% of GDP),NE.TRD.GNFS.ZS,United Arab Emirates,ARE,89.8645799289427,93.0716588147781,102.300169490783,116.622612523831,119.552871642254,119.470669577786,136.798152865771,148.513544025723,153.461944358373,143.877531844201,151.665953575846,164.249347960724,165.275953290011,168.492307775439,175.221307567909,176.747648042171,175.004350441289,159.728773537434,167.694152655127,..
Trade (% of GDP),NE.TRD.GNFS.ZS,United Kingdom,GBR,52.6727570285362,51.2190675573956,50.0853194917339,50.1905435082534,52.4626050972525,56.6075402140687,52.723981783867,56.2212901062829,54.174565865187,58.2541814110576,62.4320084527846,61.1055825207467,60.8546946582978,57.9838521407,55.9162510360622,58.079288399802,61.3547574009021,62.31422290492,62.9272689946228,56.1088539406851
Trade (% of GDP),NE.TRD.GNFS.ZS,United States,USA,22.9674165567534,22.2714856478469,22.6237548057188,24.4549962100122,25.6435856249751,26.9771829862923,28.0553740284242,29.9835366623464,24.8094512847256,28.3270215048784,30.9558880073128,30.7897433923675,30.1066511887653,30.0382485815541,27.7630088441822,26.5161319324365,27.1578296753078,27.4754813169651,26.2943027923784,23.3761274622334
Trade (% of GDP),NE.TRD.GNFS.ZS,Uruguay,URY,36.3095126435057,40.02906730756,51.7591995826472,61.4766880860242,58.8776963255774,61.9715745033515,59.2104478441742,65.2080950065954,53.3944192728678,51.6990372039878,53.2470340112556,55.0611541606243,49.7178464710229,49.0876240643708,45.3282408076895,48.5731853185066,46.8047051234567,47.8253503398475,49.6070435797376,46.3683079372213
Trade (% of GDP),NE.TRD.GNFS.ZS,Uzbekistan,UZB,56.776277587152,58.954524710746,70.4592746850874,76.5956691950086,69.5252584247083,67.4712921717973,74.4141929762327,79.7479920348578,68.673142199791,49.2558698042383,49.6434727181637,44.2279549954315,42.3669055880477,36.3590791416567,30.750508663314,29.1922970388057,47.7846593567846,71.526143200207,72.85728686348,61.9923723212825
Trade (% of GDP),NE.TRD.GNFS.ZS,Vanuatu,VUT,87.7721451440768,91.6997236888901,91.5679895901106,98.7059775016543,100.173820339297,89.5377779606278,90.1716511021211,105.774852580058,108.489179063187,103.823312203828,96.9987664175314,104.451629665983,106.410757127713,105.390156062425,113.047189826381,109.543485190126,105.526573713997,116.633753758522,91.0082074239881,61.6735323901566
Trade (% of GDP),NE.TRD.GNFS.ZS,"Venezuela, RB",VEN,42.141268017362,48.5757106494068,50.5770073781941,55.367455602322,60.1273297561422,58.6655915584603,56.1990954818909,51.8290123789932,38.5209296583297,46.1368935240203,49.6381215967995,50.4035673803654,54.2777612672313,48.0908135255646,..,..,..,..,..,..
Trade (% of GDP),NE.TRD.GNFS.ZS,Vietnam,VNM,111.955937998712,116.696868653395,124.327954439793,133.016497868887,130.714846045026,138.313621869598,154.605383996554,154.317479627758,134.706317721758,152.217368576179,162.914550268357,156.553930324559,165.094236972632,169.534513197029,178.767414715772,184.686278311417,200.38458042639,208.306665858343,211.499817469525,208.254076459386
Trade (% of GDP),NE.TRD.GNFS.ZS,Virgin Islands (U.S.),VIR,..,283.169834457388,362.968341562591,435.159336318146,503.206865401987,552.118644067797,560.367892976589,863.195098963242,508.402761247322,586.401480111008,679.232772910253,157.177794081683,142.241840556447,164.291725105189,84.7665847665848,113.296471827278,157.696362677913,159.846153846154,155.23598820059,..
Trade (% of GDP),NE.TRD.GNFS.ZS,West Bank and Gaza,PSE,82.7259784699153,76.2528826143203,76.398689516129,81.1235906237101,83.8363540589578,82.6374735897388,91.9992434272745,79.4799190194791,75.1511928466305,68.4976501575169,67.2495329024414,66.9293273483831,66.2713181162369,67.7398371659149,70.7809681944405,65.4225141833383,68.4486607142857,71.4012754506469,68.9934922812035,67.1171431692725
Trade (% of GDP),NE.TRD.GNFS.ZS,"Yemen, Rep.",YEM,..,..,..,..,..,..,..,..,..,64.385636779009,63.0594592386496,61.3616340729926,52.5118751925821,49.8371712544636,30.8916789627434,25.2766429860104,32.9052101028628,49.3034944226832,..,..
Trade (% of GDP),NE.TRD.GNFS.ZS,Zambia,ZMB,64.668282708979,64.9164969990648,62.3128446757629,70.8130749317722,62.200282191364,57.8568188739027,65.7714586909068,59.4548891205874,56.1213809555165,67.9009190299719,76.2147282587101,79.1007044966056,80.4560202470082,76.1936630889598,79.8654168098113,73.958561254616,71.5856946542566,74.8883695274665,68.791204936096,79.3254878228148
Trade (% of GDP),NE.TRD.GNFS.ZS,Zimbabwe,ZWE,67.8978721688913,66.8073515648499,70.4519882160597,76.0396085957306,76.0437072796166,82.820648776111,84.1729044270467,109.521637189894,61.7784377822356,83.1241904352153,89.4665267679892,74.1625347237197,58.6564939956063,54.6716154208067,56.7488111052137,51.2190246437312,50.0297122591029,69.4470213226408,63.2819151781244,76.0019383615808
,,,,,,,,,,,,,,,,,,,,,,,
,,,,,,,,,,,,,,,,,,,,,,,
,,,,,,,,,,,,,,,,,,,,,,,
Data from database: World Development Indicators,,,,,,,,,,,,,,,,,,,,,,,
Last Updated: 02/15/2022,,,,,,,,,,,,,,,,,,,,,,,
